,x
1,HARVARD UNIVERSITY
2,HARVARD LAW SCHOOL
3,HARVARD
4,HARVARD MEDICINE
5,HARVARD MEDICAL SCHOOL
6,HARVARD BUSINESS SCHOOL
11,MCH HARVARD
12,HARVARD UNIV
14,HARVARD UNIVERSITY HIOSPITAL
16,HARVARD U
17,HARVARD MEDICAL SCHO
18,HARVARD MEDICAL FACU
19,HARVARD MEDICAL SCHL
22,HARVARD MED FACULTY PHYS
24,HARVARD SUMMER DANCE PROGRAM
25,ASSOCIATED PHYSICIANS OF HARVARD
26,HARVARD DIVINITY SCHOOL
28,HARVARD LAW SCHOL
29,BRANDEIS U. HARVARD U.
33,SELF/HARVARD
34,HARVARD KENNEDY SCHOOL
35,HARVARD BUSINESS PUBLISHING
38,HARVARD MEDICAL SCHOOL BRIGHAM WOMENS
41,HARVARD UNIVERSITY/CAMBRIDGE LEADERSHI
42,HARVARD UNIVERSITY EMERITUS
43,HARVARD UNIVERSITY COLLEGE
45,HARVARD MEDICAL FACULTY PHYS
46,HARVARD SCHOOL OF PUBLIC HEALTH
47,HARVARD LAW
51,HARVARD ADVANCED LEADERSHIP INITIATIVE
54,HARVARD MANAGEMENT COMPANY
55,HUNT ALTERNATIVES/HARVARD
56,HARVARD MED SCHOOL
58,BROAD INSTITUTE OF MIT AND HARVARD
60,HARVARD CLINICAL RESEARCH INSTITUTE
61,"JOSLIN DIABETES CENTER, HARVARD MEDICA"
62,THE HARVARD CRIMSON
63,HARVARD DEPARTMENT OF ECONOMICS
64,KENNEDY SCHOOL OF GOVERNMENT - HARVARD
65,HARVARD UNIVERSITY KENNEDY SCHOOL OF G
66,"HARVARD REALTY EXCHANGE, INC."
67,HARVARD REAL ESTATE EXCHANGE
68,HARVARD INVESTMENT GROUP
69,HARVARD UNIV (RETIRED)
70,HARVARD MAINTENANCE
74,HARVARD BUSINESS SCHOOL PUBLISHING
78,"HARVARD, RETIRED"
79,HARVARD UNIVERSITY ART MUSEUM
80,HARVARD EXTENSION
81,HARVARD UNIVERSITY/CAMBRIDGE LEADER
83,HARVARD ENVIRONMENTAL ECONOMICS PROGRA
84,HARVARD UNIVERITY BUSINESS SCHOOL
85,HARVARD UNIVERSITY BUSINESS SCHOOL
86,HARVARD UNIVERSITY-DEPT. OF MEDICINE
87,KENNEDY SCHOOL/HARVARD
88,HARVARD MANAGEMENT CO.
90,HARVARD ART MUSEUMS
93,HARVARD UNIVERSITY/PROFESSOR
95,HARVARD UNIVERSITY/FUNDRAISER
96,HARVARD MEDICAL SCHOOL/EMERITUS PRO
97,HARVARD MEDICAL/MEDICAL RESEARCH
98,HARVARD MEDICAL
100,HARVARD/RADCLIFFE
101,HARVARD EXTENSION SCHOOL
102,HARVARD UNIVVERSITY
103,HARVARD UNIVERSTIY
104,HARVARD MED SCHL & CHILDREN'S
105,BOSTON CHILDRENS HOSPITAL HARVARD UNI
108,HARVARD UNIVERSITY EMP. CU
110,HARVARD MEDICAL SCHOOL/PROFESSOR
111,HARVARD UNIVERSITY/RETIRED
112,HARVARD UNIV/PROFESSOR
113,HARVARD/PHYSICIAN
114,HARVARD MIT
115,HARVARD UNIV./STUDENT
116,HARVARD MED ASSOC
117,HARVARD UNIVERSITY/PROFESSOR/SCIENT
118,HARVARD/PROFESSOR
119,HARVARD UNIVERSITY/POET
120,HARVARD UNIVERSITY/BOYLSTON CHAIR
121,HARVARD COLLEGE
123,"INSTITUTE OF POLITICS, HARVARD UNIVERS"
124,HARVARD UINIV
125,HARVARD UNIV.
126,HARVARD UNIVERSITY/STUDENT/CONSULTA
128,HARVARD UNIVERSITY/FACULTY
129,HARVARD/FELLOW
130,NONEHARVARD UNIV
131,HARVARD UNIVERSITY HEALTH SERVICES
132,HARVARD U.
134,HARVARD MEDICAL FACULTY PRACTICE
135,HARVARD CENTER SHANGHAI
137,HARVARD KENNEDY SCHOOL OF GOVT.
138,HARVARD UNIVRSITY
140,HARVARD SCHOOL OF PUBLIC HEALTH/FUN
141,HARVARD MAGAZINE
142,HARVARD UU CHURCH
144,"SMITHFIELD FOODS, INC./HARVARD UNIVERS"
145,HARVARD UNVERSITY
147,HARVARD MEDICAL FACULTY PHYS/NEUROS
148,HARVARD MED.
149,HARVARD MEDICAL FACULTY PHYSICIANS/
150,HARVARD UNIVERSITY PRESS
153,ARNOLD ARBORETUM OF HARVARD UNIVERSITY
154,"AUTISM CONSORTIUM, HARVARD MEDICAL SCH"
156,"HARVARD UNIVERSITY, CAMBRIDGE, MA, UNI"
157,PARTNERS HEALTHCARE AND HARVARD MEDICA
160,"SELF, HARVARD KENNEDY SCHOOL"
161,HARVARD MEDICAL FACULTY PHYSICIANS AT
165,HARVARD LAW SCHOOL/PROFESSOR
168,HARVARD KENNEDY SCHOOL OF GOVERNMENT
170,REACH OUT AND READ HARVARD
171,HARVARD MEDICINE SCHOOL
172,HARVARD GRADUATE SCHOOL OF EDUCATION
173,HARVARD STUDENT AGENCIES
174,HARVARD UNIVESITY
175,HARVARD LAW SCHOOL/LAW PROFESSOR
176,HARVARD UNIVERSITY/UNIVERSITY ADMIN
180,HARVARD UNIVERSITY LAW SCHOOL/EDUCA
181,HARVARD MAINTANCE INC
183,HARVARD MAINTAINENCE
184,HARVARD LAW SCHOOL/DEAN OF STUDENTS
186,"HARVARD UNIVERSITY, DEPT OF GOV'T"
188,"HARVARD UNIVERSITY, FACULTY OF ARTS AN"
189,HARVARD EDUCATION SCHOOL
190,HARVARD BUSINESS SCHOOL/PROFESSOR O
191,HARVARD UNIVERSITY/ENGINEER
192,HARVARD UN.
193,HARVARD/ACADEMIC ADMINISTRATOR
194,CAMBRIDGE AND HARVARD UNIVERSITIES
196,HARVARD CENTER SHANGHAI CO LTD
197,HARVARD UNIVERSITY DCE
198,HARVARD UNIERSITY
199,HARVARD SCHOOL OF EDUCATION
200,HARVARD BUSINESS SCH
201,HARVARD MEDICAL FACULTY
203,HARVARD MED FAC
204,HARVARD HUGHES MED. I.
205,HARVARD UNIVERSITY - VILLA I TATTI
206,HARVARD UNIVIESITY
207,HARVARD UNIVERSITY DEPARTMENT OF ASTRO
208,HARVARD/SCIENTIST
209,HARVARD-SMITHSONIAN CENTER FOR ASTROPH
210,HARVARD ID
212,HARVARD LAW SCHOOL LIBRARY
213,HARVARD SCHOOL
214,HARVARD U PRESS
215,HARVARD UNIVERISTY
216,HARVARD LAW SCHOOL/BOSTON COLLEGE LAW
218,UNIVER OF HARVARD
219,STUDENT HARVARD SCHOOL OF PUBLIC HEALT
220,MCLEAN HOSPITAL/HARVARD MEDICAL SCHOOL
221,CURATOR RARE BOOKS & MSS HARVARD LAW S
223,HARVARD/MASSGENERAL
224,THE BROAD INSTITUTE OF MIT AND HARVARD
226,HARVARD COMBINED ORTHOPAEDIC RESIDENCY
227,HARVARD UNIVERSITY STUDENT
228,HARVARD MEDIAL SCHOOL
230,HARVARD MEDICAL BRIGHAM AND WOMEN'S HO
231,"MIT, HARVARD UNIVERSITY"
232,HARVARD UNIVERSITY EXTENSION SCHOOL
234,HARVARD BUSINESS SCHOOLS
235,"HARVARD MEDICAL SCHOOL, CHILDREN'S/"
236,"HARVARD MEDICAL SCHOOL, HARVARD UNIVER"
237,HARVARD UNIVERSITY/STUDENT
238,HARVARD UNIVERSITY/PROFESSOR/ADVISE
239,HARVARD MED BRIGHAM HOSP
242,HARVARD INTERNATIONAL INSTITUTE OF DEV
243,HARVARD PARK PRE-SCHOOL
244,HARVARD UNIV. FAS
245,HARVARD UNV
247,HARVARD BUSINESS REVIEW
249,HARVARD/DEAN
250,HARVARD BUSINESS PUB
251,HARVARD UNIV./VISITING PROFESSOR
252,HARVARD U/HARVARD MED. FACULTY PHYS.
257,HARVARD BIOSCIENCE
259,HARVARD UNIVERSITY/BLOOMBERG
260,HARVARD-KENNEDY SCHOOL
262,THE HARVARD DRUG GROUP
263,HARVARD UNIVERSITY MEDICAL SCHOOL
265,HARVARD CYCLOTRON LABORATORY
266,HARVARD BUSINESS PUBLISHING CONTRACT
268,HARVARD COLLEGE LIBRARY
269,HARVARD KENNEDY SCHOOL OF GOVERNM
270,HARVARD JKF SCHOOL OF GOVERNMENT
273,"HARVARD MEDICAL SCHOOL, BRIGHAM AND WO"
274,LEGAL SRVCS CTR OF HARVARD LAW SCHOOL
275,HARVARD SCHOOL/PUBLIC HEALTH
276,HARVARD UNIVERSITY - INSTITUTE OF POLI
277,MASS GENERAL HOSPITAL/HARVARD MEDICAL
278,ANIMAL RESEARCH STUDIES AT HARVARD
279,BC/HARVARD
280,BRANDEIS AND HARVARD UNIVERSITIES
281,MGH/HARVARD MEDICAL SCHOOL
282,HARVARD SMITHSONIAN CFA
284,HARVARD/BELMONT EYE
285,"FXB CENTER, HARVARD UNIVERSITY"
286,HARVARD RISK MANAGEMENT CORPORATI
289,HARVARD UNIVERSITY/DIR. THE INSTITU
291,HARVARD MEDICAL FACILITY/RADIOLOGIS
292,HARVARD MED. FAC. PHYS. AT BETH ISR
293,HARVARD & BOSTON MEDICAL CENTER
294,HARVARD KENNEDY SCHOOL OF GOV'T
295,HARVARD UNIVERSITY/PROFESSOR OF MED
296,HARVARD UNIVERSITY/MOLECULAR BIOLOG
298,HARVARD MEDICAL SCHOOL AT CAMBRIDGE HO
300,HARVARD UNIV MED SCHL
301,HARVARD-RADCLIFF HILLEL FDN
302,HARVARD UNIVERSITY ECU
303,HARVARD UNIVERSIY
304,HARVARD UNIVERSITY SCHOOL OF PUBLIC HE
305,HARVARD UNIVERSITY ART MUSEUMS
306,HARVARD SCHOOL OF PU
307,"KENNEDY SCHOOL OF GOVERNMENT, HARVARD"
308,"RETIRED, MIT AND HARVARD"
309,HARVARD UNIVER
310,HARVARD MEDICAL FAC
312,"HARVARD UNIVERSITY, PHILLIPS BROOKS HO"
314,SELF & HARVARD
316,"HARVARD UNIVERSITY, MOTION PICTURES"
320,CHAIRMAN HARVARD MEDICAL SCHOOL
321,HARVARD WEATHERHEAD CENTER FOR INTERNA
322,HARVARD & BERKELEY/AKIN GUMP
324,HARVARD UNIVERSITY/MASS GENERAL HOSP
326,HARVARD UNIV/
327,THE HARVARD KENNEDY SCHOOL
332,WELLMED/HARVARD MED. GROUP
333,HARVARD BUSINESS PUBLISHING CORP
334,KENNDY SCHOOL HARVARD UNIVERSITY
336,HARVARD & BERKELEY/ AKIN GUMP
340,HARVARD'S KENNEDY SCHOOL OF GOVERNMENT
343,HARVARD SCHOOL OF DENTAL MEDICINE
344,HARVARD SCHOOL OF DESIGN
347,HARVARD PORTER AND ASSOCIATES
348,HARVARD PLANNING AND REAL ESTATE
349,HARVARD PLANNING & REAL ESTATE
350,HARVARD MAINTENANCE INC.
351,HARVARD UNIVERSITY?S KENNEDY SCHOOL OF
354,HARVARD UNIV. MEDICAL SCHOOL
355,"RETIRED, HARVARD MEDICAL SCHOOL"
356,HARVARD UNIVERSITY - LPPC
358,HARVARD CREDIT UNION
361,SELF/HARVARD UNIVERS
362,HARVARD UNIVERSITY INSTITUTE OF POLITI
363,HARVARD UNIVERSITY/MANAGER ENERGY S
364,PRES. & FELLOWS OF HARVARD COLLEGE/
366,BROAD INSTITUTE OF MIT AND HARVARD/
367,HARVARD GRADUATE SCHOOL OF BUSINESS AD
368,HARVARD MANAGEMENT
373,HARVARD BIOSCIENCES
374,HARVARD BUS SCH
375,RISK MGMT FOUNDATION OF THE HARVARD ME
376,HARVARD - JOHN F. KENNEDY SCHOOL OF GO
379,RETIRED FFOM HARVARD UNIV
381,HARVARD WEATHERHEAD CNTR INTERNATIONAL
382,HARVARD-KENNEDY SCHOOL OF GOVT
383,HARVARD UNIVERSITY WOMEN'S PUBLIC POLI
384,HARVARD/LIAI
385,HARVARD UNIVERSITY FINE ARTS
387,CAMBRIDGE HOSPITAL HARVARD MEDICAL
388,HARVARD MORTGAGE
389,GSD HARVARD UNIVERSI
390,"HARVARD, UNIV HEALTH SERV. AND SELF"
391,HARVARD MED. SCHOOL
393,"HARVARD UNIVERSITY, MOTION PICTURES AS"
394,HARVARD UNIVERSITY - KENNEDY SCHOOL OF
396,HARVARD KENNEDY SCHOOL OF GOVT
397,HARVARD MAINT.
398,HARVARD LABEL INC.
401,"PROFESSOR, HARVARD UNIVERSITY"
402,HARVARD DESIGN SCHOOL CAREER
404,HARVARD MED FAC PRAC
405,HARVARD MEDICAL SCHOOL DEPT OF ANESTHE
407,MOUNT AUBURN HOSPITAL-HARVARD ME
408,HARVARD DESIGN & MAPPING CO.
409,HARVARD UNIVERSITY (RETIRED)
410,HARVARD MEDICAL CENTER
411,BAKER LIBRARY HARVARD BUS. SCH.
412,HARVARD/STANFORD
413,HARVARD/BIDMC
414,HARVARD UNIVERSITY/SELF
417,HARVARD MED.SCH
418,HARVARD UNIVERSITY & STANFORD UNIVERSI
419,"HARVARD HOMES, LLC"
420,HARVARD CENTER FOR ASTROPHYSICS
422,HARVARD DESIGNS
423,LASPAU HARVARD UNIVERSITY
424,HARVARD'S OFFICE OF GENERAL COUNSEL
425,HARVARD AND STANFORD
426,HARVARD UNIV. & STANFORD UNIV.
428,HARVARD UNIV.& STANFORD UNIV.
429,HARVARD UNIVERSITY/MARTY LINSKY/TEA
430,HARVARD / CAMBRIDGE
431,HARVARD SMITHSONIAN CENTER FOR ASTROPH
432,HARVARD SCHOOL OF MEDICINE
434,HARVARD SCHOOL OF BUSINESS
435,HARVARD VENTURE PARTNERS
436,HARVARD SCHOOL OF PUBLIC
437,HARVARD SCHOOL OF PUBLIC HLTH
438,HARVARD UNIVERSITY/LAW PROFESSOR
439,HARVARD MANAGEMENT COMPA
441,HARVARD UNIVERSITY/PROFESSOR OF LAW
442,HARVARD UNIVERSITY MEDICAL CENTER
443,HARVARD BUSINESS SCHOOL/GOLDMAN SACHS
444,HARVARD MEDICAL FACILTY
446,HARVARD BUSNIESS SCHOOL
447,HARVARD INSTITUTE INTL. DEVELOPMENT
449,HARVARD MEDICAL FACULTY PHYSIC
452,HARVARD INVESTMENT COMPANY
453,HARVARD LA
454,HARVARD BUSINESS PRESS
455,HARVARD B SCHOOL
456,HARVARD BUS. SCHOOL
457,HARVARD UNIVERSIT
459,"HARVARD BUSINESS SCHOOL, HARVARD UNIVE"
460,HARVARD UNIVERSITY/A.R.T.
461,HARVARD BUSINESS
462,"HARVARD BUSINESS SCHOOL, BAKER LIBRARY"
463,PRESIDENT AND FELLOWS OF HARVARD COLLE
464,HARVARD MED CHOOL
465,MIT/HARVARD
466,"HARVARD UNIVERSITY, HKS"
467,HARVARD UNVERSITY KENNEDY SCHOOL
468,HARVARD LAW SCH
469,HARVARD/MIT
471,BROAD INSTITUTE OF HARVARD AND MIT
472,HARVARD POUR SCHOOL PUBLISHING
473,HARVARD EXTENSION SCHOOL (PART-TIME)
474,MITAND HARVARD
475,HARVARD UN
476,BOOZ ALLEN HAMILTON/HARVARD
477,HARVARD HHMI
478,HARVARD UNIVERSITY- OFFICE OF GENERAL
480,HARVARD UNIVERSITY LAW SCHOOL
481,HARVARD UNIVERITY
482,HARVARD GRADUATE SCHOOL OF DESIGN
483,HARVARDUNIVERISTY
484,MGH/HARVARD
485,HARVARD UNIVERSITY LIBRARY
486,HARVARD HILLEL
487,HARVARD UNVIERSITY
488,JLA/HARVARD UNIVERSITY
490,THE HARVARD COMMON PRESS
491,HARVARD CONSULTING GROUP INC.
492,HARVARD UNIVERSITY/MANAGER
493,HARVARD SCHOOL OF PUBLIC HEALTH/PHY
494,HARVARD UNIVERSITY/TEACHING FELLOW
496,HARVARD JOHN F KENNEDY SCHOOL OF GOVER
497,HARVARD MAGMT CO
498,HARVARD UNIVERSITY DEPT OF ATH
500,HARVARD MANAGEMENT CO
501,HARVARD UNIVERSITY JOHN F. KENNEDY SCH
502,THE HARVARD GROUP
505,HARVARD MAINT
506,HARVARD  MAINTENANCE
507,HARVARD SERVICE
508,HARVARD MAINTENACE
510,HARVARD UNIV MED SCH
512,HARVARD UNIVERSITY P
513,HARVARD MEDICAL CTR
514,HARVARD MTG. CORP.
516,KENNEDY SCHOOL OF GOVERNMENT/ HARVARD
517,SMITHFIELD FOODS INC./HARVARD UNIVERS
519,HARVARD MEDICAL SCHOOL & BRIGHAM AND W
520,HARVARD UNIVERSITY/BRIGHAM AND WOMEN'S
522,HARVARD UNIVERSITY KENNEDY SCHOOL OF
523,HARVARD LAW SCHOOL ALUMNI
524,HARVARD BLDG & MAINT
526,HARVARD PLANNING AND REAL ESTA
527,WOMEN & PUBLIC POLICY HARVARD
529,HARVARD UNIVERSITY (BUSINESS SCHOO
530,HARVARD UNIVERSITY WOMEN AND PUBLIC P
531,HARVARD PARK FAMILY/PHYSICIAN
535,CONSULTANT/HARVARD BUSINESS SCHOOL
537,HARVARD UNIVERSITY SCHOOL OF LAW
539,RAHARVARD
540,LASPAU-HARVARD U.
541,HARVARD UNIVERSITY SCHOOL OF PUBLIC PO
542,"HARVARD UNIVERSITY, KENNEDY SCHOOL OF"
543,US MARINE/HARVARD UNIVERSITY
545,HARVARD CHILD DEVELOPMENT
547,HARVARD COLLEGE FUND
548,HARVARD UNIVERSITY M.I.T./PROFESSOR
549,HARVARD UNIVERSITY/ASSOCIATE PROFES
550,JFK SCHOOL OF GOVT HARVARD/DIRECTOR
551,HARVARD UNIVERSITY EMPLOYEES CU
552,HARVARD MEDICAL SCHO/PHYSICIAN
553,HARVARD SCHOOL PUBLI
554,HARVARD GRAD
556,HARVARD COLLEGE OBSERVATORY
557,SELF AND HARVARD U
558,HARVARD MED FACULTY
559,HARVARD BUSINESS PROGRAM
562,HARVARD ALAGOM HEALT
563,HARVARD/MGH
564,HARVARD SCHOOL HEALT
565,HARVARD HUGHES MEDIC
566,HARVARD DIVINTY SCH
567,HARVARD UNIVERSITY5449 1701 6000 1102
570,EMERITUS HARVARD UNI
571,HARVARD UNIV PRESS
572,HARVARD UNINERSITY
573,HARVARD UNIVERSITY/ATTORNEY
574,HARVARD UNIVERSITY MUSEUM OF COMPA
575,HARVARD MEDICAL HOUSING PHYSICIANS
576,HARVARD MEDICAL FACALTY PLAN
577,HARVARD HOMES LLC
578,OSU-PEDIATRICS ON HARVARD
579,HARVARD SCH OF PUB HLTH
582,SELF/HARVARD REALTY INC.
584,HARVARD MANAGEMENT CO INC
585,JFK SCHOOL OF GOVERNMENT - HARVARD
586,HARVARD BERKMAN CENTER FOR INTERNET &
588,HARVARD OIL
589,HARVARD COLLEGE/INSTRUCTOR
590,HARVARD MAGMT CO.
591,HARVARD PUBLICATIONS
593,RETIRED/ HARVARD UNIVERSITY
594,RETIRED FROM HARVARD BUSINESS SCHO
595,BISHOP PAYNE HARVARD KAITCE
596,HARVARD INSTITUTE OF POLITICS
597,HARVARD UNIVERSITY MEDICAL SCH
600,HARVARD BUSINESS SCHOOL TA ASSOCIATES
601,DUMBARTON OARES (HARVARD)
602,SELF/HARVARD  UNIVERSITY
603,HARVARD PRACTICE GROUP
605,HARVARDPHYSICIAN PRACTICE GROUP
606,HARVARD MEDICAL FACULTY PLAN
607,HARVARD UNIVERSITY & KENNEDY SCHOOL
608,HARVARD MEDICAL SCHOOL - MGH
609,HARVARD UNIV. JFK SCHOOL OF GOVERNMENT
610,HARVARD MEDICAL FACULTY PHYSICIA
611,HARVARD MGMNT
612,MCLEAN HOSPITAL HARVARD MEDICAL SCHOO
613,HARVARD UNIV. - CTR. FOR BEHAV. SCI.
614,CENTER FOR PUBLIC LEADERSHIP HARVARD
615,HARVARD FACULTY CLUB
616,KENNEDY SCHOOL HARVARD UNIVERSITY
618,HARVARD MEDICIAL FACULTY PHYSICIANS AT
619,TRUSTEES FOR HARVARD UNIVERSITY
620,HARVARD CIVIL RIGHTS PROJECT
621,HARVARD UNIVERSITY HOUSER CENTER
622,HARVARD UNIVERSITY KENNEDY SCHOOL
623,HARVARD MEDICAL SCHOOL-BIDMC-CHILDREN'
625,HARVARD UNIVERSITY GRADUATE SCHOOL OF
627,ROWLAND INSTITUTE AT HARVARD
628,HARVARD MEDICAL SCHOOL/B&W HOSPITAL
629,MARINEBIOLOGICAL LAB &HARVARD U.
630,SELF AND HARVARD UNIV. HEALTH SERVICES
631,HARVARD REAL ESTATE
634,HARVARD MEDICAL SCHOOL HARVARD UNIVER
635,CISCO SYSTEMS;  HARVARD UNIV.
637,JFK SCHOOL OF GOVT  HARVARD
640,HARVARD MEDICAL SCHOLL
641,HARVARD BUSINESS SCHOOL PUBLISHIN
642,HARVARD U-JFK SCHOOL OF GOV'T
643,HARVARD BUISNESS SCHOOL
644,HARVARD/LAW PROFESSOR
645,HARVARD KS OF GOVT
646,HARVARD'S KENNEDY SCHOOL
648,HARVARD UNIVERSITY FIRST LUTH
650,KENNEDY SCHOOL HARVARD UNIV
651,HARVARD KENNEDY SCHOOL OF GOVERNME
652,HARVARD UNIVERSITY SCHOOL OF GOVER
653,HARVARD CONTRACTORS
654,HARVARD U HEALTH SERVICE
655,KENNEDY SCHOOL OF GOV'T HARVARD U
657,HARVARD LEGAL SERVICES
658,HARVARD LAW PROFESSOR
660,HARVARD INSTITUTE
661,HARVARD UNIV SCHOOL OF GOVT
662,HARVARD INSTITUTE INTL DEVELOPMENT
663,HARVARD MAINTENANCE IND
664,HARVARD PROTECTION SERVICES LLC
